﻿TENANTID,STUDYID,COUNTRY,SITEID,INVID,INVNAM,USUBJID,SCRNID,SUBJID,VISITNUM,VISIT,UNSCHED,SVSTDTC,DOMAIN,LAB ID,LAB NAME,REPEATNUMBER,SREPEATID,SREPEATNUMBER,ENTERED BY,ENTERED DATE,LAST CHANGED BY,LAST CHANGED DATE
"FHIC","IAVI C113","United States","ORA-101",,"Oracle Test User 1","017ED6408C5D4DA18838DE85468E16E0","ORA-101001","ORA-101001","IP","IP Accountability","2","2024-08-08","ACCOUNT",,,,,,"ORACLE.LISA.L.JACKSON@ORACLE.COM","2024-08-08","ORACLE.LISA.L.JACKSON@ORACLE.COM","2024-08-08"
"FHIC","IAVI C113","South Africa","101",,"SUESS","5232101D19C4417397F67272CD9F42E7","101047","101047","IP","IP Accountability","1",,"ACCOUNT",,,,,,"FHIC.DRIDER3","2024-08-07","FHIC.DRIDER3","2024-08-07"
"FHIC","IAVI C113","South Africa","101",,"SUESS","5232101D19C4417397F67272CD9F42E7","101047","101047","IP","IP Accountability","2",,"ACCOUNT",,,,,,"FHIC.MFANTON","2024-08-07","FHIC.MFANTON","2024-08-07"
"FHIC","IAVI C113","South Africa","101",,"SUESS","BC11DF03F4534F2398A3B3E339B99B7C","101002","101002","IP","IP Accountability","1",,"ACCOUNT",,,,,,"FHIC.ERUDE","2024-06-17","FHIC.ERUDE","2024-06-17"
"FHIC","IAVI C113","South Africa","101",,"SUESS","C27F91D9621F454F848304914EAFA176","101045","101045","IP","IP Accountability","1",,"ACCOUNT",,,,,,"FHIC.DRIDER3","2024-08-07","FHIC.DRIDER3","2024-08-07"
"FHIC","IAVI C113","South Africa","101",,"SUESS","D795C3CD02834FFABBE09F9377505E3F","101044","101044","IP","IP Accountability","1",,"ACCOUNT",,,,,,"FHIC.DRIDER3","2024-08-07","FHIC.DRIDER3","2024-08-07"
"FHIC","IAVI C113","South Africa","101",,"SUESS","F43AE89FCE6B4A209DD5182824378B46","101006","101006","IP","IP Accountability","1","2024-06-17","ACCOUNT",,,,,,"FHIC.PCARDELLA1","2024-06-17","FHIC.PCARDELLA1","2024-06-17"
"FHIC","IAVI C113","South Africa","101",,"SUESS","FF36634443C54AAABF13A43F4F0168BB","101046","101046","IP","IP Accountability","1","2024-08-08","ACCOUNT",,,,,,"FHIC.DRIDER3","2024-08-07","FHIC.DRIDER3","2024-08-07"