﻿TENANTID,STUDYID,COUNTRY,SITEID,INVID,INVNAM,USUBJID,SCRNID,SUBJID,VISITNUM,VISIT,UNSCHED,SVSTDTC,DOMAIN,LAB ID,LAB NAME,REPEATNUMBER,SREPEATID,SREPEATNUMBER,ENTERED BY,ENTERED DATE,LAST CHANGED BY,LAST CHANGED DATE,CMTERM,CMTERM_R,CMTERM_F,CMTERM_D,CMIND,CMIND_R,CMIND_F,CMIND_D,CMDOSE,CMDOSE_R,CMDOSE_F,CMDOSE_D,CMUNIT,CMUNIT_R,CMUNIT_F,CMUNIT_D,CMUNTOTH,CMUNTOTH_R,CMUNTOTH_F,CMUNTOTH_D,CMFREQ,CMFREQ_R,CMFREQ_F,CMFREQ_D,CMFRQOTH,CMFRQOTH_R,CMFRQOTH_F,CMFRQOTH_D,CMRTE,CMRTE_R,CMRTE_F,CMRTE_D,CMRTEOTH,CMRTEOTH_R,CMRTEOTH_F,CMRTEOTH_D,CMSTDAT,CMSTDAT_R,CMSTDAT_F,CMSTDAT_D,CMENDAT,CMENDAT_R,CMENDAT_F,CMENDAT_D,CMONGO,CMONGO_R,CMONGO_F,CMONGO_D,CMMH,CMMH_R,CMMH_F,CMMH_D,CMAE,CMAE_R,CMAE_F,CMAE_D,CMREAC,CMREAC_R,CMREAC_F,CMREAC_D,CMTB,CMTB_R,CMTB_F,CMTB_D,CMPRO,CMPRO_R,CMPRO_F,CMPRO_D,CMTBT,CMTBT_R,CMTBT_F,CMTBT_D,CMATC1C,CMATC1C_R,CMATC1C_F,CMATC1C_D,CMATC1T,CMATC1T_R,CMATC1T_F,CMATC1T_D,CMATC2C,CMATC2C_R,CMATC2C_F,CMATC2C_D,CMATC2T,CMATC2T_R,CMATC2T_F,CMATC2T_D,CMATC3C,CMATC3C_R,CMATC3C_F,CMATC3C_D,CMATC3T,CMATC3T_R,CMATC3T_F,CMATC3T_D,CMATC4C,CMATC4C_R,CMATC4C_F,CMATC4C_D,CMATC4T,CMATC4T_R,CMATC4T_F,CMATC4T_D,CMPNC,CMPNC_R,CMPNC_F,CMPNC_D,CMPNT,CMPNT_R,CMPNT_F,CMPNT_D,CMTNC,CMTNC_R,CMTNC_F,CMTNC_D,CMTNT,CMTNT_R,CMTNT_F,CMTNT_D,CMDV,CMDV_R,CMDV_F,CMDV_D
"FHIC","IAVI C113","South Africa","101",,"SUESS","5232101D19C4417397F67272CD9F42E7","101047","101047","LOG","Log","1","2024-08-07","CONMED",,,"1",,,"FHIC.HBRIGDON","2024-08-09","FHIC.HBRIGDON","2024-08-09","test","test","test",,"tst","tst","tst",,"15.00","15.00","15.00",,"99","Other","Other","99","tst","tst","tst",,"99","Other","Other","99","tst","tst","tst",,"99","Other","Other","99","test","test","test",,"07-Aug-2024","07-Aug-2024","07-Aug-2024","2024-08-07","07-Aug-2024","07-Aug-2024","07-Aug-2024","2024-08-07","0","No","No","0","0","No","No","0","0","No","No","0","0","No","No","0","0","No","No","0","0","No","No","0","1","Yes","Yes","1",,,,,,,,,,,,,,,,,,,,,,,,,,,,,,,,,,,,,,,,,,,,,,,,,,,,
"FHIC","IAVI C113","South Africa","101",,"SUESS","5232101D19C4417397F67272CD9F42E7","101047","101047","LOG","Log","2","2024-08-08","CONMED",,,"1",,,"FHIC.HBRIGDON","2024-08-09","FHIC.HBRIGDON","2024-08-09","test","test","test",,"TEST","TEST","TEST",,"0.00","0.00","0.00",,"99","Other","Other","99","tst","tst","tst",,"99","Other","Other","99","test","test","test",,"99","Other","Other","99","tst","tst","tst",,"07-Aug-2024","07-Aug-2024","07-Aug-2024","2024-08-07",,,,,"1","Yes","Yes","1","0","No","No","0","0","No","No","0","0","No","No","0","0","No","No","0","0","No","No","0","0","No","No","0",,,,,,,,,,,,,,,,,,,,,,,,,,,,,,,,,,,,,,,,,,,,,,,,,,,,
"FHIC","IAVI C113","South Africa","101",,"SUESS","BC11DF03F4534F2398A3B3E339B99B7C","101002","101002","LOG","Log","1",,"CONMED",,,"1",,,"FHIC.ERUDE","2024-06-18","FHIC.ERUDE","2024-06-18",,,,,,,,,,,,,"99","Other","Other","99",,,,,,,,,,,,,,,,,,,,,"02-Jan-2024","02-Jan-2024","02-Jan-2024","2024-01-02","04-Jan-2024","04-Jan-2024","04-Jan-2024","2024-01-04","0","No","No","0","0","No","No","0","0","No","No","0","0","No","No","0","0","No","No","0","0","No","No","0","1","Yes","Yes","1",,,,,,,,,,,,,,,,,,,,,,,,,,,,,,,,,,,,,,,,,,,,,,,,,,,,
"FHIC","IAVI C113","South Africa","101",,"SUESS","F43AE89FCE6B4A209DD5182824378B46","101006","101006","LOG","Log","1","2024-06-17","CONMED",,,"1",,,"FHIC.PCARDELLA1","2024-06-17","FHIC.PCARDELLA1","2024-07-08",,,,,,,,,,,,,,,,,,,,,,,,,,,,,,,,,,,,,"01-Feb-2023","01-Feb-2023","01-Feb-2023","2023-02-01","01-Jan-2016","01-Jan-2016","01-Jan-2016","2016-01-01","0","No","No","0","1","Yes","Yes","1","1","Yes","Yes","1","1","Yes","Yes","1","1","Yes","Yes","1",,,,,,,,,,,,,,,,,,,,,,,,,,,,,,,,,,,,,,,,,,,,,,,,,,,,,,,,,,,,
"FHIC","IAVI C113","South Africa","101",,"SUESS","FF36634443C54AAABF13A43F4F0168BB","101046","101046","LOG","Log","1","2024-08-06","CONMED",,,"1",,,"FHIC.PCARDELLA1","2024-08-09","FHIC.PCARDELLA1","2024-08-09",,,,,,,,,,,,,,,,,,,,,,,,,,,,,,,,,,,,,"01-Jan-2022","01-Jan-2022","01-Jan-2022","2022-01-01","01-Jan-2021","01-Jan-2021","01-Jan-2021","2021-01-01","0","No","No","0",,,,,,,,,,,,,,,,,,,,,,,,,,,,,,,,,,,,,,,,,,,,,,,,,,,,,,,,,,,,,,,,,,,,,,,,,,,,