﻿TENANTID,STUDYID,COUNTRY,SITEID,INVID,INVNAM,USUBJID,SCRNID,SUBJID,VISITNUM,VISIT,UNSCHED,SVSTDTC,DOMAIN,LAB ID,LAB NAME,REPEATNUMBER,SREPEATID,SREPEATNUMBER,ENTERED BY,ENTERED DATE,LAST CHANGED BY,LAST CHANGED DATE,ELINE,ELINE_R,ELINE_F,ELINE_D,ELINNUM,ELINNUM_R,ELINNUM_F,ELINNUM_D
"FHIC","IAVI C113","South Africa","101",,"SUESS","178A6F58835A425C832B137726A53A8C","101005","101005","SCR","Screening",,"2024-06-17","ELIG",,,"1",,,"FHIC.PCARDELLA1","2024-06-17","FHIC.PCARDELLA1","2024-06-17","1","Inclusion","Inclusion","1","1","1","1","1"
"FHIC","IAVI C113","South Africa","101",,"SUESS","1A852151AF2B49A08F34758F49149AAF","101039","101039","SCR","Screening",,"2024-08-01","ELIG",,,"1",,,"FHIC.MFANTON","2024-08-12","FHIC.MFANTON","2024-08-12","1","Inclusion","Inclusion","1","8","8","8","8"
"FHIC","IAVI C113","South Africa","101",,"SUESS","49B85F3A7F3C490C987D99BDAD0DD48C","101023","101023","SCR","Screening",,"2024-05-06","ELIG",,,"1",,,"FHIC.JJAMPIES","2024-07-26","FHIC.JJAMPIES","2024-07-26","2","Exclusion","Exclusion","2","4","4","4","4"
"FHIC","IAVI C113","South Africa","101",,"SUESS","51A98AA580E14372A06A2D0903A9953A","101012","101012","SCR","Screening",,"2024-01-01","ELIG",,,"1",,,"FHIC.JJAMPIES","2024-07-02","FHIC.JJAMPIES","2024-07-02","2","Exclusion","Exclusion","2","6","6","6","6"
"FHIC","IAVI C113","South Africa","101",,"SUESS","99BC6637145944D1A9AD5CF06BEF700A","101043","101043","SCR","Screening",,"2024-08-03","ELIG",,,"1",,,"FHIC.HBRIGDON","2024-08-09","FHIC.HBRIGDON","2024-08-09","2","Exclusion","Exclusion","2","13","13","13","13"
"FHIC","IAVI C113","South Africa","101",,"SUESS","BC11DF03F4534F2398A3B3E339B99B7C","101002","101002","SCR","Screening",,"2024-06-10","ELIG",,,"1",,,"FHIC.ERUDE","2024-06-17","FHIC.ERUDE","2024-06-17","1","Inclusion","Inclusion","1","7","7","7","7"
"FHIC","IAVI C113","South Africa","101",,"SUESS","F43AE89FCE6B4A209DD5182824378B46","101006","101006","SCR","Screening",,"2024-06-17","ELIG",,,"1",,,"FHIC.PCARDELLA1","2024-07-03","FHIC.PCARDELLA1","2024-07-03","1","Inclusion","Inclusion","1","2","2","2","2"
"FHIC","IAVI C113","South Africa","101",,"SUESS","FF36634443C54AAABF13A43F4F0168BB","101046","101046","SCR","Screening",,"2024-08-01","ELIG",,,"1",,,"FHIC.DRIDER","2024-08-08","FHIC.DRIDER","2024-08-08","1","Inclusion","Inclusion","1","7","7","7","7"