﻿TENANTID,STUDYID,COUNTRY,SITEID,INVID,INVNAM,USUBJID,SCRNID,SUBJID,VISITNUM,VISIT,UNSCHED,SVSTDTC,DOMAIN,LAB ID,LAB NAME,REPEATNUMBER,SREPEATID,SREPEATNUMBER,ENTERED BY,ENTERED DATE,LAST CHANGED BY,LAST CHANGED DATE,PESTAT,PESTAT_R,PESTAT_F,PESTAT_D,PEREAS,PEREAS_R,PEREAS_F,PEREAS_D,PEDAT,PEDAT_R,PEDAT_F,PEDAT_D,PERES,PERES_R,PERES_F,PERES_D
"FHIC","IAVI C113","South Africa","101",,"SUESS","00752E37CD8C4A56A95346C40908D3B7","101001","101001","SCR","Screening",,"2024-06-11","PE",,,,,,"FHIC.MFANTON","2024-06-11","FHIC.MFANTON","2024-06-11","0","No","No","0","test","test","test",,,,,,,,,
"FHIC","IAVI C113","United States","ORA-101",,"Oracle Test User 1","017ED6408C5D4DA18838DE85468E16E0","ORA-101001","ORA-101001","SCR","Screening",,"2024-08-01","PE",,,,,,"ORACLE.LISA.L.JACKSON@ORACLE.COM","2024-08-01","ORACLE.LISA.L.JACKSON@ORACLE.COM","2024-08-01","0","No","No","0","N/A","N/A","N/A",,,,,,,,,
"FHIC","IAVI C113","United States","ORA-104",,"Oracle Test User 1","033290CA9ACA4A9F96EAEE793FABC41B","ORA-104009","ORA-104009","SCR","Screening",,"2024-07-25","PE",,,,,,"ORACLE.LISA.L.JACKSON@ORACLE.COM","2024-07-25","ORACLE.LISA.L.JACKSON@ORACLE.COM","2024-07-25","0","No","No","0","NA","NA","NA",,,,,,,,,
"FHIC","IAVI C113","South Africa","ORA-103",,"South Africa Investigator 04","033FCFA09D5C458C8B69C7D23EB8104C","ORA-103023","ORA-103023","SCR","Screening",,"2024-07-26","PE",,,,,,"ORACLE.LISA.L.JACKSON@ORACLE.COM","2024-07-26","ORACLE.LISA.L.JACKSON@ORACLE.COM","2024-07-26","0","No","No","0","NA","NA","NA",,,,,,,,,
"FHIC","IAVI C113","South Africa","ORA-102",,"South Africa Investigator 04","04DD673BA67A46C08C86C0998A182C4B","ORA-102001","ORA-102001","SCR","Screening",,"2024-07-26","PE",,,,,,"ORACLE.LISA.L.JACKSON@ORACLE.COM","2024-07-26","ORACLE.LISA.L.JACKSON@ORACLE.COM","2024-07-26","0","No","No","0","NA","NA","NA",,,,,,,,,
"FHIC","IAVI C113","Kenya","ORA-202",,"Kenya Investigator 02","04FBA1939D3A4ED78FE2056213CC527E","ORA-202011","ORA-202011","SCR","Screening",,"2024-07-25","PE",,,,,,"ORACLE.LISA.L.JACKSON@ORACLE.COM","2024-07-25","ORACLE.LISA.L.JACKSON@ORACLE.COM","2024-07-25","0","No","No","0","NA","NA","NA",,,,,,,,,
"FHIC","IAVI C113","United States","ORA-104",,"Oracle Test User 1","0781EDBF09D44D8397A81CDD4746F157","ORA-104003","ORA-104003","SCR","Screening",,"2024-07-25","PE",,,,,,"ORACLE.LISA.L.JACKSON@ORACLE.COM","2024-07-25","ORACLE.LISA.L.JACKSON@ORACLE.COM","2024-07-25","0","No","No","0","NA","NA","NA",,,,,,,,,
"FHIC","IAVI C113","United States","901",,"Oracle Test User 1","07FA01C16520499097DFEAD36ADF2B5E","901005","901005","SCR","Screening",,"2024-07-24","PE",,,,,,"ORACLE.IULIAN.ROSCA@ORACLE.COM","2024-07-24","ORACLE.IULIAN.ROSCA@ORACLE.COM","2024-07-24","0","No","No","0","asd","asd","asd",,,,,,,,,
"FHIC","IAVI C113","South Africa","ORA-102",,"South Africa Investigator 04","0CE360F758BA4F17A6039C80129A6186","ORA-102012","ORA-102012","SCR","Screening",,"2024-07-26","PE",,,,,,"ORACLE.LISA.L.JACKSON@ORACLE.COM","2024-07-26","ORACLE.LISA.L.JACKSON@ORACLE.COM","2024-07-26","0","No","No","0","NA","NA","NA",,,,,,,,,
"FHIC","IAVI C113","South Africa","ORA-103",,"South Africa Investigator 04","0F2B638625564A60BF3FCE2C32DFBD98","ORA-103010","ORA-103010","SCR","Screening",,"2024-07-25","PE",,,,,,"ORACLE.LISA.L.JACKSON@ORACLE.COM","2024-07-25","ORACLE.LISA.L.JACKSON@ORACLE.COM","2024-07-25","0","No","No","0","NA","NA","NA",,,,,,,,,
"FHIC","IAVI C113","Kenya","ORA-201",,"Kenya Investigator 02","1164FC100DC443889CC5F3EC33E6E340","ORA-201006","ORA-201006","SCR","Screening",,"2024-07-25","PE",,,,,,"ORACLE.LISA.L.JACKSON@ORACLE.COM","2024-07-25","ORACLE.LISA.L.JACKSON@ORACLE.COM","2024-07-25","0","No","No","0","NA","NA","NA",,,,,,,,,
"FHIC","IAVI C113","Kenya","ORA-201",,"Kenya Investigator 02","11C6CE2B91274EAB8C9A60428A4D89C0","ORA-201008","ORA-201008","SCR","Screening",,"2024-07-25","PE",,,,,,"ORACLE.LISA.L.JACKSON@ORACLE.COM","2024-07-25","ORACLE.LISA.L.JACKSON@ORACLE.COM","2024-07-25","0","No","No","0","NA","NA","NA",,,,,,,,,
"FHIC","IAVI C113","Kenya","ORA-202",,"Kenya Investigator 02","1231EAE177704902AB38382481F54629","ORA-202008","ORA-202008","SCR","Screening",,"2024-07-25","PE",,,,,,"ORACLE.LISA.L.JACKSON@ORACLE.COM","2024-07-25","ORACLE.LISA.L.JACKSON@ORACLE.COM","2024-07-25","0","No","No","0","NA","NA","NA",,,,,,,,,
"FHIC","IAVI C113","South Africa","101",,"SUESS","125648472E964AF6942FB65E32E5B925","101013","101013","SCR","Screening",,"2024-01-01","PE",,,,,,"FHIC.JJAMPIES","2024-07-03","FHIC.JJAMPIES","2024-07-03","0","No","No","0","none","none","none",,,,,,,,,
"FHIC","IAVI C113","United States","901",,"Oracle Test User 1","15FCCB3CD52945C4A24AAA8E134D69D6","901003","901003","SCR","Screening",,"2024-07-23","PE",,,,,,"ORACLE.LISA.L.JACKSON@ORACLE.COM","2024-07-23","ORACLE.LISA.L.JACKSON@ORACLE.COM","2024-07-23","1","Yes","Yes","1",,,,,"23-Jul-2024","23-Jul-2024","23-Jul-2024","2024-07-23","1","Normal","Normal","1"
"FHIC","IAVI C113","South Africa","101",,"SUESS","178A6F58835A425C832B137726A53A8C","101005","101005","SCR","Screening",,"2024-06-17","PE",,,,,,"FHIC.PCARDELLA1","2024-06-17","FHIC.PCARDELLA1","2024-06-17","0","No","No","0","bc","bc","bc",,,,,,,,,
"FHIC","IAVI C113","South Africa","101",,"SUESS","1A852151AF2B49A08F34758F49149AAF","101039","101039","SCR","Screening",,"2024-08-01","PE",,,,,,"FHIC.JJAMPIES","2024-08-01","FHIC.JJAMPIES","2024-08-01","1","Yes","Yes","1",,,,,"01-Aug-2024","01-Aug-2024","01-Aug-2024","2024-08-01","1","Normal","Normal","1"
"FHIC","IAVI C113","South Africa","ORA-102",,"South Africa Investigator 04","1BD3693C029B439BB2C5C1E167F50896","ORA-102011","ORA-102011","SCR","Screening",,"2024-07-26","PE",,,,,,"ORACLE.LISA.L.JACKSON@ORACLE.COM","2024-07-26","ORACLE.LISA.L.JACKSON@ORACLE.COM","2024-07-26","0","No","No","0","NA","NA","NA",,,,,,,,,
"FHIC","IAVI C113","South Africa","999",,"HENRY JEKYLL","1CE82F2AECFA4836B7ABC9BC4B522109","999014","999014","SCR","Screening",,"2024-08-01","PE",,,,,,"FHIC.DRIDER","2024-08-07","FHIC.DRIDER","2024-08-07","1","Yes","Yes","1",,,,,"01-Aug-2024","01-Aug-2024","01-Aug-2024","2024-08-01","1","Normal","Normal","1"
"FHIC","IAVI C113","South Africa","101",,"SUESS","1E4A5474CAAB48E3A4743370DB802E10","101024","101024","SCR","Screening",,"2024-07-01","PE",,,,,,"FHIC.PCARDELLA1","2024-07-28","FHIC.PCARDELLA1","2024-07-28","1","Yes","Yes","1",,,,,"02-Jul-2024","02-Jul-2024","02-Jul-2024","2024-07-02","1","Normal","Normal","1"
"FHIC","IAVI C113","Kenya","ORA-201",,"Kenya Investigator 02","1E8356D68FCD484293AE66F757F82E6E","ORA-201010","ORA-201010","SCR","Screening",,"2024-07-25","PE",,,,,,"ORACLE.LISA.L.JACKSON@ORACLE.COM","2024-07-25","ORACLE.LISA.L.JACKSON@ORACLE.COM","2024-07-25","0","No","No","0","NA","NA","NA",,,,,,,,,
"FHIC","IAVI C113","Kenya","ORA-202",,"Kenya Investigator 02","1ED85BFCF6AA40C3B3C2E4059846BA6E","ORA-202005","ORA-202005","SCR","Screening",,"2024-07-25","PE",,,,,,"ORACLE.LISA.L.JACKSON@ORACLE.COM","2024-07-25","ORACLE.LISA.L.JACKSON@ORACLE.COM","2024-07-25","0","No","No","0","NA","NA","NA",,,,,,,,,
"FHIC","IAVI C113","United States","902",,"Oracle Test User 1","1F8E4A42F79C4D03A748415AFB65034E","902004","902004","SCR","Screening",,"2024-07-01","PE",,,,,,"FHIC.PCARDELLA1","2024-07-23","FHIC.PCARDELLA1","2024-07-23","0","No","No","0","asd","asd","asd",,,,,,,,,
"FHIC","IAVI C113","United States","ORA-104",,"Oracle Test User 1","21D02EE924504BE291B9E939594B93CB","ORA-104007","ORA-104007","SCR","Screening",,"2024-07-25","PE",,,,,,"ORACLE.LISA.L.JACKSON@ORACLE.COM","2024-07-25","ORACLE.LISA.L.JACKSON@ORACLE.COM","2024-07-25","0","No","No","0","NA","NA","NA",,,,,,,,,
"FHIC","IAVI C113","United States","901",,"Oracle Test User 1","222672B0480F4CAE9127ACFD571BFC94","901001","901001","SCR","Screening",,"2024-07-23","PE",,,,,,"ORACLE.LISA.L.JACKSON@ORACLE.COM","2024-07-23","ORACLE.LISA.L.JACKSON@ORACLE.COM","2024-07-23","1","Yes","Yes","1",,,,,"23-Jul-2024","23-Jul-2024","23-Jul-2024","2024-07-23","1","Normal","Normal","1"
"FHIC","IAVI C113","Kenya","ORA-202",,"Kenya Investigator 02","24EE2058ADCB4C6A9201470726F411B0","ORA-202014","ORA-202014","SCR","Screening",,"2024-07-25","PE",,,,,,"ORACLE.LISA.L.JACKSON@ORACLE.COM","2024-07-25","ORACLE.LISA.L.JACKSON@ORACLE.COM","2024-07-25","0","No","No","0","NA","NA","NA",,,,,,,,,
"FHIC","IAVI C113","South Africa","101",,"SUESS","25F6AA1D58F44CF09CBE357B0668A20F","101011","101011","SCR","Screening",,"2024-01-01","PE",,,,,,"FHIC.JJAMPIES","2024-07-02","FHIC.JJAMPIES","2024-07-02","1","Yes","Yes","1",,,,,"03-Jan-2024","03-Jan-2024","03-Jan-2024","2024-01-03","1","Normal","Normal","1"
"FHIC","IAVI C113","South Africa","101",,"SUESS","277C4061DAEB4DCF8ABCD2E220002621","101037","101037","SCR","Screening",,"2024-07-31","PE",,,,,,"FHIC.MSMITH","2024-07-31","FHIC.MSMITH","2024-07-31","1","Yes","Yes","1",,,,,"31-Jul-2024","31-Jul-2024","31-Jul-2024","2024-07-31","1","Normal","Normal","1"
"FHIC","IAVI C113","South Africa","ORA-103",,"South Africa Investigator 04","2DD048603A9E4F65AE5E6EF9F9F7E0B9","ORA-103012","ORA-103012","SCR","Screening",,"2024-07-25","PE",,,,,,"ORACLE.LISA.L.JACKSON@ORACLE.COM","2024-07-25","ORACLE.LISA.L.JACKSON@ORACLE.COM","2024-07-25","0","No","No","0","NA","NA","NA",,,,,,,,,
"FHIC","IAVI C113","Kenya","ORA-202",,"Kenya Investigator 02","30E75E4614A34C03B39EF57105236250","ORA-202006","ORA-202006","SCR","Screening",,"2024-07-25","PE",,,,,,"ORACLE.LISA.L.JACKSON@ORACLE.COM","2024-07-25","ORACLE.LISA.L.JACKSON@ORACLE.COM","2024-07-25","0","No","No","0","NA","NA","NA",,,,,,,,,
"FHIC","IAVI C113","United States","ORA-104",,"Oracle Test User 1","3F6335E31B7745049526D7D5850FB8DD","ORA-104011","ORA-104011","SCR","Screening",,"2024-07-25","PE",,,,,,"ORACLE.LISA.L.JACKSON@ORACLE.COM","2024-07-26","ORACLE.LISA.L.JACKSON@ORACLE.COM","2024-07-26","0","No","No","0","NA","NA","NA",,,,,,,,,
"FHIC","IAVI C113","South Africa","ORA-103",,"South Africa Investigator 04","417B2CFAE67141868589DC85987EA093","ORA-103022","ORA-103022","SCR","Screening",,"2024-07-26","PE",,,,,,"ORACLE.LISA.L.JACKSON@ORACLE.COM","2024-07-26","ORACLE.LISA.L.JACKSON@ORACLE.COM","2024-07-26","0","No","No","0","NA","NA","NA",,,,,,,,,
"FHIC","IAVI C113","South Africa","ORA-103",,"South Africa Investigator 04","417FFC8A09734C29B84EF4381292929A","ORA-103015","ORA-103015","SCR","Screening",,"2024-07-25","PE",,,,,,"ORACLE.LISA.L.JACKSON@ORACLE.COM","2024-07-25","ORACLE.LISA.L.JACKSON@ORACLE.COM","2024-07-25","0","No","No","0","NA","NA","NA",,,,,,,,,
"FHIC","IAVI C113","United States","ORA-104",,"Oracle Test User 1","44A5942DA3734FD991E6772691711971","ORA-104006","ORA-104006","SCR","Screening",,"2024-07-25","PE",,,,,,"ORACLE.LISA.L.JACKSON@ORACLE.COM","2024-07-25","ORACLE.LISA.L.JACKSON@ORACLE.COM","2024-07-25","0","No","No","0","NA","NA","NA",,,,,,,,,
"FHIC","IAVI C113","South Africa","ORA-103",,"South Africa Investigator 04","44A7C50C13794CD88EE4F1083DBFF4C8","ORA-103009","ORA-103009","SCR","Screening",,"2024-07-25","PE",,,,,,"ORACLE.LISA.L.JACKSON@ORACLE.COM","2024-07-25","ORACLE.LISA.L.JACKSON@ORACLE.COM","2024-07-25","0","No","No","0","NA","NA","NA",,,,,,,,,
"FHIC","IAVI C113","South Africa","101",,"SUESS","47487050DE774C868F0CA2A813FA9B8D","101026","101026","SCR","Screening",,"2023-11-08","PE",,,,,,"FHIC.JJAMPIES","2024-07-29","FHIC.JJAMPIES","2024-07-29","1","Yes","Yes","1",,,,,"08-Nov-2023","08-Nov-2023","08-Nov-2023","2023-11-08","1","Normal","Normal","1"
"FHIC","IAVI C113","South Africa","ORA-102",,"South Africa Investigator 04","4A24A9ADBFCC46C197FBBC673B2353E5","ORA-102009","ORA-102009","SCR","Screening",,"2024-07-26","PE",,,,,,"ORACLE.LISA.L.JACKSON@ORACLE.COM","2024-07-26","ORACLE.LISA.L.JACKSON@ORACLE.COM","2024-07-26","0","No","No","0","NA","NA","NA",,,,,,,,,
"FHIC","IAVI C113","Kenya","ORA-201",,"Kenya Investigator 02","4BC91428F660441E8474E1EF18CF2AE7","ORA-201012","ORA-201012","SCR","Screening",,"2024-07-25","PE",,,,,,"ORACLE.LISA.L.JACKSON@ORACLE.COM","2024-07-25","ORACLE.LISA.L.JACKSON@ORACLE.COM","2024-07-25","0","No","No","0","NA","NA","NA",,,,,,,,,
"FHIC","IAVI C113","United States","ORA-104",,"Oracle Test User 1","4C8505B808094C3AA0EED489DF2F8F58","ORA-104012","ORA-104012","SCR","Screening",,"2024-07-25","PE",,,,,,"ORACLE.LISA.L.JACKSON@ORACLE.COM","2024-07-26","ORACLE.LISA.L.JACKSON@ORACLE.COM","2024-07-26","0","No","No","0","NA","NA","NA",,,,,,,,,
"FHIC","IAVI C113","Kenya","ORA-201",,"Kenya Investigator 02","4D5BE5513C4140E49DBF9084DEB1BEA3","ORA-201003","ORA-201003","SCR","Screening",,"2024-07-25","PE",,,,,,"ORACLE.LISA.L.JACKSON@ORACLE.COM","2024-07-25","ORACLE.LISA.L.JACKSON@ORACLE.COM","2024-07-25","0","No","No","0","NA","NA","NA",,,,,,,,,
"FHIC","IAVI C113","United States","902",,"Oracle Test User 1","5018AB4F94E344CBA087949A46B157DE","902001","902001","SCR","Screening",,"2024-07-23","PE",,,,,,"ORACLE.LISA.L.JACKSON@ORACLE.COM","2024-07-23","ORACLE.LISA.L.JACKSON@ORACLE.COM","2024-07-23","0","No","No","0","not applicable","not applicable","not applicable",,,,,,,,,
"FHIC","IAVI C113","South Africa","101",,"SUESS","5066E2AFAF2E4C2CA68784DCD99C7CA5","101030","101030","SCR","Screening",,"2024-05-01","PE",,,,,,"FHIC.AWHEELESS","2024-07-30","FHIC.AWHEELESS","2024-07-30","1","Yes","Yes","1",,,,,"01-May-2024","01-May-2024","01-May-2024","2024-05-01","1","Normal","Normal","1"
"FHIC","IAVI C113","South Africa","ORA-102",,"South Africa Investigator 04","509D65D372784291BDDDE7974CC19A18","ORA-102002","ORA-102002","SCR","Screening",,"2024-07-26","PE",,,,,,"ORACLE.LISA.L.JACKSON@ORACLE.COM","2024-07-26","ORACLE.LISA.L.JACKSON@ORACLE.COM","2024-07-26","0","No","No","0","NA","NA","NA",,,,,,,,,
"FHIC","IAVI C113","South Africa","101",,"SUESS","5232101D19C4417397F67272CD9F42E7","101047","101047","SCR","Screening",,"2024-08-07","PE",,,,,,"FHIC.HBRIGDON","2024-08-09","FHIC.HBRIGDON","2024-08-09","1","Yes","Yes","1",,,,,"07-Aug-2024","07-Aug-2024","07-Aug-2024","2024-08-07","3","Abnormal, CS","Abnormal, CS","3"
"FHIC","IAVI C113","South Africa","ORA-103",,"South Africa Investigator 04","52FC44DBE53749D9A9E725EA2286894E","ORA-103017","ORA-103017","SCR","Screening",,"2024-07-26","PE",,,,,,"ORACLE.LISA.L.JACKSON@ORACLE.COM","2024-07-26","ORACLE.LISA.L.JACKSON@ORACLE.COM","2024-07-26","0","No","No","0","NA","NA","NA",,,,,,,,,
"FHIC","IAVI C113","South Africa","ORA-103",,"South Africa Investigator 04","549EE87B3F1E49CCBCAF8114E799A533","ORA-103016","ORA-103016","SCR","Screening",,"2024-07-25","PE",,,,,,"ORACLE.LISA.L.JACKSON@ORACLE.COM","2024-07-25","ORACLE.LISA.L.JACKSON@ORACLE.COM","2024-07-25","0","No","No","0","NA","NA","NA",,,,,,,,,
"FHIC","IAVI C113","South Africa","ORA-103",,"South Africa Investigator 04","59283026D1964F0EAF9FB159CFB14484","ORA-103014","ORA-103014","SCR","Screening",,"2024-07-25","PE",,,,,,"ORACLE.LISA.L.JACKSON@ORACLE.COM","2024-07-25","ORACLE.LISA.L.JACKSON@ORACLE.COM","2024-07-25","0","No","No","0","NA","NA","NA",,,,,,,,,
"FHIC","IAVI C113","South Africa","ORA-103",,"South Africa Investigator 04","59558641D71149F1A064DEE35A2EE7AB","ORA-103019","ORA-103019","SCR","Screening",,"2024-07-26","PE",,,,,,"ORACLE.LISA.L.JACKSON@ORACLE.COM","2024-07-26","ORACLE.LISA.L.JACKSON@ORACLE.COM","2024-07-26","0","No","No","0","NA","NA","NA",,,,,,,,,
"FHIC","IAVI C113","Kenya","ORA-202",,"Kenya Investigator 02","5B3B8D8652B2435A8ADC76F66A40E0ED","ORA-202003","ORA-202003","SCR","Screening",,"2024-07-25","PE",,,,,,"ORACLE.LISA.L.JACKSON@ORACLE.COM","2024-07-25","ORACLE.LISA.L.JACKSON@ORACLE.COM","2024-07-25","0","No","No","0","NA","NA","NA",,,,,,,,,
"FHIC","IAVI C113","South Africa","101",,"SUESS","5BCF43EF32F840F0916142B39635A74D","101041","101041","SCR","Screening",,"2024-08-01","PE",,,,,,"FHIC.JJAMPIES","2024-08-02","FHIC.JJAMPIES","2024-08-02","1","Yes","Yes","1",,,,,"01-Aug-2024","01-Aug-2024","01-Aug-2024","2024-08-01","1","Normal","Normal","1"
"FHIC","IAVI C113","United States","ORA-104",,"Oracle Test User 1","5D9041FE571746D68E2287A4B2EDAAB9","ORA-104014","ORA-104014","SCR","Screening",,"2024-07-25","PE",,,,,,"ORACLE.LISA.L.JACKSON@ORACLE.COM","2024-07-26","ORACLE.LISA.L.JACKSON@ORACLE.COM","2024-07-26","0","No","No","0","NA","NA","NA",,,,,,,,,
"FHIC","IAVI C113","South Africa","101",,"SUESS","60CA5696F14640F5B29C95BFB25F6F70","101004","101004","SCR","Screening",,"2024-06-01","PE",,,,,,"FHIC.PCARDELLA1","2024-06-17","FHIC.PCARDELLA1","2024-06-17","1","Yes","Yes","1",,,,,"12-Jun-2024","12-Jun-2024","12-Jun-2024","2024-06-12","1","Normal","Normal","1"
"FHIC","IAVI C113","South Africa","ORA-103",,"South Africa Investigator 04","619B220BCFD14218A6583FF6CB2017C9","ORA-103002","ORA-103002","SCR","Screening",,"2024-07-25","PE",,,,,,"ORACLE.LISA.L.JACKSON@ORACLE.COM","2024-07-25","ORACLE.LISA.L.JACKSON@ORACLE.COM","2024-07-25","1","Yes","Yes","1",,,,,"25-Jul-2024","25-Jul-2024","25-Jul-2024","2024-07-25","1","Normal","Normal","1"
"FHIC","IAVI C113","South Africa","101",,"SUESS","67D861AF69DD4E1683B5422880CCCBBD","101038","101038","SCR","Screening",,"2024-08-01","PE",,,,,,"FHIC.JJAMPIES","2024-08-01","FHIC.JJAMPIES","2024-08-01","1","Yes","Yes","1",,,,,"01-Aug-2024","01-Aug-2024","01-Aug-2024","2024-08-01","1","Normal","Normal","1"
"FHIC","IAVI C113","Kenya","ORA-201",,"Kenya Investigator 02","6C3BE1C7626A4533B0E1E123E4F50828","ORA-201011","ORA-201011","SCR","Screening",,"2024-07-25","PE",,,,,,"ORACLE.LISA.L.JACKSON@ORACLE.COM","2024-07-25","ORACLE.LISA.L.JACKSON@ORACLE.COM","2024-07-25","0","No","No","0","NA","NA","NA",,,,,,,,,
"FHIC","IAVI C113","South Africa","UAT-101",,"US Investigator 01","6F2B4117C29349A4AEF5C488B1A4BB33","UAT-101001","UAT-101001","SCR","Screening",,"2024-08-01","PE",,,,,,"FHIC.MFANTON","2024-08-03","FHIC.MFANTON","2024-08-03","1","Yes","Yes","1",,,,,"01-Aug-2024","01-Aug-2024","01-Aug-2024","2024-08-01","1","Normal","Normal","1"
"FHIC","IAVI C113","South Africa","ORA-103",,"South Africa Investigator 04","70DA3B494124488EAB0B45B1DE499241","ORA-103024","ORA-103024","SCR","Screening",,"2024-07-26","PE",,,,,,"ORACLE.LISA.L.JACKSON@ORACLE.COM","2024-07-26","ORACLE.LISA.L.JACKSON@ORACLE.COM","2024-07-26","0","No","No","0","NA","NA","NA",,,,,,,,,
"FHIC","IAVI C113","South Africa","ORA-103",,"South Africa Investigator 04","722EA07CF00F4211A26CF7462893ED3C","ORA-103005","ORA-103005","SCR","Screening",,"2024-07-25","PE",,,,,,"ORACLE.LISA.L.JACKSON@ORACLE.COM","2024-07-25","ORACLE.LISA.L.JACKSON@ORACLE.COM","2024-07-25","0","No","No","0","NA","NA","NA",,,,,,,,,
"FHIC","IAVI C113","United States","901",,"Oracle Test User 1","72C05726C7094290A7F00B7BE8FB228B","901004","901004","SCR","Screening",,"2024-07-23","PE",,,,,,"ORACLE.LISA.L.JACKSON@ORACLE.COM","2024-07-23","ORACLE.LISA.L.JACKSON@ORACLE.COM","2024-07-23","1","Yes","Yes","1",,,,,"23-Jul-2024","23-Jul-2024","23-Jul-2024","2024-07-23","1","Normal","Normal","1"
"FHIC","IAVI C113","South Africa","999",,"HENRY JEKYLL","73F2B8608ADC4AD49A3B7E6A0E63E966","999013","999013","SCR","Screening",,"2020-01-01","PE",,,,,,"FHIC.DRIDER","2024-08-07","FHIC.DRIDER","2024-08-07","1","Yes","Yes","1",,,,,"01-Jan-2020","01-Jan-2020","01-Jan-2020","2020-01-01","1","Normal","Normal","1"
"FHIC","IAVI C113","United States","901",,"Oracle Test User 1","7719082458A44174BB9C770CB24B5FF1","901006","901006","SCR","Screening",,"2024-07-24","PE",,,,,,"FHIC.MFANTON","2024-07-24","FHIC.MFANTON","2024-07-24","0","No","No","0","test","test","test",,,,,,,,,
"FHIC","IAVI C113","Kenya","ORA-202",,"Kenya Investigator 02","78AB13A7E04744168AD18C11FAAF51FB","ORA-202010","ORA-202010","SCR","Screening",,"2024-07-25","PE",,,,,,"ORACLE.LISA.L.JACKSON@ORACLE.COM","2024-07-25","ORACLE.LISA.L.JACKSON@ORACLE.COM","2024-07-25","0","No","No","0","NA","NA","NA",,,,,,,,,
"FHIC","IAVI C113","South Africa","101",,"SUESS","794F80ABDC424406AC1A0585612917C9","101027","101027","SCR","Screening",,"2024-01-01","PE",,,,,,"FHIC.JJAMPIES","2024-07-30","FHIC.JJAMPIES","2024-07-30","1","Yes","Yes","1",,,,,"01-Jan-2024","01-Jan-2024","01-Jan-2024","2024-01-01","1","Normal","Normal","1"
"FHIC","IAVI C113","South Africa","101",,"SUESS","7CBCD3E8FD2846D6BA7D734FD11CEACF","101025","101025","SCR","Screening",,"2024-01-01","PE",,,,,,"FHIC.JJAMPIES","2024-07-29","FHIC.JJAMPIES","2024-07-29","1","Yes","Yes","1",,,,,"01-Jan-2024","01-Jan-2024","01-Jan-2024","2024-01-01","1","Normal","Normal","1"
"FHIC","IAVI C113","Kenya","ORA-201",,"Kenya Investigator 02","809A0837748D47A799CC607B0908397B","ORA-201002","ORA-201002","SCR","Screening",,"2024-07-25","PE",,,,,,"ORACLE.LISA.L.JACKSON@ORACLE.COM","2024-07-25","ORACLE.LISA.L.JACKSON@ORACLE.COM","2024-07-25","0","No","No","0","NA","NA","NA",,,,,,,,,
"FHIC","IAVI C113","South Africa","ORA-103",,"South Africa Investigator 04","82C580B8CBF34CFDA5538BDE6CB8A6A4","ORA-103011","ORA-103011","SCR","Screening",,"2024-07-25","PE",,,,,,"ORACLE.LISA.L.JACKSON@ORACLE.COM","2024-07-25","ORACLE.LISA.L.JACKSON@ORACLE.COM","2024-07-25","0","No","No","0","NA","NA","NA",,,,,,,,,
"FHIC","IAVI C113","United States","ORA-104",,"Oracle Test User 1","837819650EEA45F68DDE7479C9D6F5F6","ORA-104002","ORA-104002","SCR","Screening",,"2024-07-25","PE",,,,,,"ORACLE.LISA.L.JACKSON@ORACLE.COM","2024-07-25","ORACLE.LISA.L.JACKSON@ORACLE.COM","2024-07-25","0","No","No","0","NA","NA","NA",,,,,,,,,
"FHIC","IAVI C113","United States","902",,"Oracle Test User 1","83E46E7DC19C480082F7E454B43D1C66","902003","902003","SCR","Screening",,"2024-07-01","PE",,,,,,"FHIC.PCARDELLA1","2024-07-23","FHIC.PCARDELLA1","2024-07-23","0","No","No","0","asdf","asdf","asdf",,,,,,,,,
"FHIC","IAVI C113","United States","ORA-104",,"Oracle Test User 1","845ABDDAF7674FE88715378B335430C8","ORA-104005","ORA-104005","SCR","Screening",,"2024-07-25","PE",,,,,,"ORACLE.LISA.L.JACKSON@ORACLE.COM","2024-07-25","ORACLE.LISA.L.JACKSON@ORACLE.COM","2024-07-25","0","No","No","0","NA","NA","NA",,,,,,,,,
"FHIC","IAVI C113","South Africa","101",,"SUESS","87478E9AC4A34B92AF7E25D65947B768","101040","101040","SCR","Screening",,"2024-08-01","PE",,,,,,"FHIC.MFANTON","2024-08-03","FHIC.MFANTON","2024-08-03","0","No","No","0","test","test","test",,,,,,,,,
"FHIC","IAVI C113","South Africa","ORA-103",,"South Africa Investigator 04","8D3B48A457124027A98157ADC130E667","ORA-103004","ORA-103004","SCR","Screening",,"2024-07-25","PE",,,,,,"ORACLE.LISA.L.JACKSON@ORACLE.COM","2024-07-25","ORACLE.LISA.L.JACKSON@ORACLE.COM","2024-07-25","0","No","No","0","NA","NA","NA",,,,,,,,,
"FHIC","IAVI C113","South Africa","101",,"SUESS","9211A180E4BD43049408C4FB8B41AED9","101029","101029","SCR","Screening",,"2024-01-01","PE",,,,,,"FHIC.JJAMPIES","2024-07-30","FHIC.JJAMPIES","2024-07-30","1","Yes","Yes","1",,,,,"01-Jan-2024","01-Jan-2024","01-Jan-2024","2024-01-01","1","Normal","Normal","1"
"FHIC","IAVI C113","South Africa","101",,"SUESS","92B68C0C850F462E99CBF2B2B261E9FA","101021","101021","SCR","Screening",,"2024-01-01","PE",,,,,,"FHIC.JJAMPIES","2024-07-26","FHIC.JJAMPIES","2024-07-26","1","Yes","Yes","1",,,,,"01-Jan-2024","01-Jan-2024","01-Jan-2024","2024-01-01","1","Normal","Normal","1"
"FHIC","IAVI C113","South Africa","ORA-103",,"South Africa Investigator 04","95D290C4D1754C7EBAFC8FF215B2D9C9","ORA-103018","ORA-103018","SCR","Screening",,"2024-07-26","PE",,,,,,"ORACLE.LISA.L.JACKSON@ORACLE.COM","2024-07-26","ORACLE.LISA.L.JACKSON@ORACLE.COM","2024-07-26","0","No","No","0","NA","NA","NA",,,,,,,,,
"FHIC","IAVI C113","United States","901",,"Oracle Test User 1","9728575C28AF41C0B2222E3419C1E62E","901002","901002","SCR","Screening",,"2024-07-23","PE",,,,,,"ORACLE.LISA.L.JACKSON@ORACLE.COM","2024-07-23","ORACLE.LISA.L.JACKSON@ORACLE.COM","2024-07-23","1","Yes","Yes","1",,,,,"23-Jul-2024","23-Jul-2024","23-Jul-2024","2024-07-23","1","Normal","Normal","1"
"FHIC","IAVI C113","United States","ORA-104",,"Oracle Test User 1","983457AD6B554D8084FD56C371D5E13C","ORA-104015","ORA-104015","SCR","Screening",,"2024-07-25","PE",,,,,,"ORACLE.LISA.L.JACKSON@ORACLE.COM","2024-07-26","ORACLE.LISA.L.JACKSON@ORACLE.COM","2024-07-26","0","No","No","0","NA","NA","NA",,,,,,,,,
"FHIC","IAVI C113","South Africa","101",,"SUESS","99BC6637145944D1A9AD5CF06BEF700A","101043","101043","SCR","Screening",,"2024-08-03","PE",,,,,,"FHIC.HBRIGDON","2024-08-09","FHIC.HBRIGDON","2024-08-09","1","Yes","Yes","1",,,,,"03-Aug-2024","03-Aug-2024","03-Aug-2024","2024-08-03","3","Abnormal, CS","Abnormal, CS","3"
"FHIC","IAVI C113","South Africa","101",,"SUESS","9ADFB6E6B5CF46FF90562B6833F80168","101028","101028","SCR","Screening",,"2024-01-01","PE",,,,,,"FHIC.JJAMPIES","2024-07-30","FHIC.JJAMPIES","2024-07-30","1","Yes","Yes","1",,,,,"01-Jan-2024","01-Jan-2024","01-Jan-2024","2024-01-01","1","Normal","Normal","1"
"FHIC","IAVI C113","South Africa","999",,"HENRY JEKYLL","9E480B359A7648CFBD8C5CE48BA16F85","999007","999007","SCR","Screening",,"2024-06-03","PE",,,,,,"FHIC.MFANTON","2024-07-11","FHIC.MFANTON","2024-07-11","0","No","No","0","test","test","test",,,,,,,,,
"FHIC","IAVI C113","South Africa","101",,"SUESS","A6685D78B0A04A2AB82F0B04376E8885","101022","101022","SCR","Screening",,"2023-01-01","PE",,,,,,"FHIC.JJAMPIES","2024-07-26","FHIC.JJAMPIES","2024-07-26","1","Yes","Yes","1",,,,,"01-Jan-2023","01-Jan-2023","01-Jan-2023","2023-01-01","2","Abnormal, NCS","Abnormal, NCS","2"
"FHIC","IAVI C113","United States","ORA-104",,"Oracle Test User 1","AA849F3F103C476BB7D614FCE21CDAB3","ORA-104008","ORA-104008","SCR","Screening",,"2024-07-25","PE",,,,,,"ORACLE.LISA.L.JACKSON@ORACLE.COM","2024-07-25","ORACLE.LISA.L.JACKSON@ORACLE.COM","2024-07-25","0","No","No","0","NA","NA","NA",,,,,,,,,
"FHIC","IAVI C113","Kenya","ORA-201",,"Kenya Investigator 02","AD8BEFB1556E4A5AB7D446561C7CEF07","ORA-201007","ORA-201007","SCR","Screening",,"2024-07-25","PE",,,,,,"ORACLE.LISA.L.JACKSON@ORACLE.COM","2024-07-25","ORACLE.LISA.L.JACKSON@ORACLE.COM","2024-07-25","0","No","No","0","NA","NA","NA",,,,,,,,,
"FHIC","IAVI C113","Kenya","ORA-201",,"Kenya Investigator 02","ADBFFF4DF5DF48548D6E3B610AC0D067","ORA-201001","ORA-201001","SCR","Screening",,"2024-07-25","PE",,,,,,"ORACLE.LISA.L.JACKSON@ORACLE.COM","2024-07-25","ORACLE.LISA.L.JACKSON@ORACLE.COM","2024-07-25","0","No","No","0","NA","NA","NA",,,,,,,,,
"FHIC","IAVI C113","South Africa","ORA-103",,"South Africa Investigator 04","AF2E8B33C9B642EC9702CE7706603D11","ORA-103003","ORA-103003","SCR","Screening",,"2024-07-25","PE",,,,,,"ORACLE.LISA.L.JACKSON@ORACLE.COM","2024-07-25","ORACLE.LISA.L.JACKSON@ORACLE.COM","2024-07-25","0","No","No","0","NA","NA","NA",,,,,,,,,
"FHIC","IAVI C113","South Africa","ORA-103",,"South Africa Investigator 04","AF3095A9B10E412589804D8DDD67B844","ORA-103008","ORA-103008","SCR","Screening",,"2024-07-25","PE",,,,,,"ORACLE.LISA.L.JACKSON@ORACLE.COM","2024-07-25","ORACLE.LISA.L.JACKSON@ORACLE.COM","2024-07-25","0","No","No","0","NA","NA","NA",,,,,,,,,
"FHIC","IAVI C113","South Africa","ORA-103",,"South Africa Investigator 04","B5C600B704DC4379BF8332EBFE7D09B2","ORA-103001","ORA-103001","SCR","Screening",,"2024-07-25","PE",,,,,,"ORACLE.LISA.L.JACKSON@ORACLE.COM","2024-07-25","ORACLE.LISA.L.JACKSON@ORACLE.COM","2024-07-25","0","No","No","0","NA","NA","NA",,,,,,,,,
"FHIC","IAVI C113","South Africa","ORA-102",,"South Africa Investigator 04","BA96AA73F59141BEBB53EB528989127D","ORA-102008","ORA-102008","SCR","Screening",,"2024-07-26","PE",,,,,,"ORACLE.LISA.L.JACKSON@ORACLE.COM","2024-07-26","ORACLE.LISA.L.JACKSON@ORACLE.COM","2024-07-26","0","No","No","0","NA","NA","NA",,,,,,,,,
"FHIC","IAVI C113","South Africa","101",,"SUESS","BB37D425F3A24AE18C6B94710A0388F0","101016","101016","SCR","Screening",,"2024-07-22","PE",,,,,,"ORACLE.LISA.L.JACKSON@ORACLE.COM","2024-07-22","ORACLE.LISA.L.JACKSON@ORACLE.COM","2024-07-22","0","No","No","0","not required","not required","not required",,,,,,,,,
"FHIC","IAVI C113","South Africa","ORA-103",,"South Africa Investigator 04","BC0512360BBA4025B95281DF08F8D99A","ORA-103021","ORA-103021","SCR","Screening",,"2024-07-26","PE",,,,,,"ORACLE.LISA.L.JACKSON@ORACLE.COM","2024-07-26","ORACLE.LISA.L.JACKSON@ORACLE.COM","2024-07-26","0","No","No","0","NA","NA","NA",,,,,,,,,
"FHIC","IAVI C113","South Africa","101",,"SUESS","BC11DF03F4534F2398A3B3E339B99B7C","101002","101002","SCR","Screening",,"2024-06-10","PE",,,,,,"FHIC.ERUDE","2024-06-17","FHIC.ERUDE","2024-06-17","1","Yes","Yes","1",,,,,"17-Jun-2024","17-Jun-2024","17-Jun-2024","2024-06-17","3","Abnormal, CS","Abnormal, CS","3"
"FHIC","IAVI C113","Kenya","ORA-202",,"Kenya Investigator 02","BC5FD253580C4EF9944488726B741A67","ORA-202002","ORA-202002","SCR","Screening",,"2024-07-25","PE",,,,,,"ORACLE.LISA.L.JACKSON@ORACLE.COM","2024-07-25","ORACLE.LISA.L.JACKSON@ORACLE.COM","2024-07-25","0","No","No","0","NA","NA","NA",,,,,,,,,
"FHIC","IAVI C113","South Africa","ORA-102",,"South Africa Investigator 04","BD15204CA6994141879C552F69E28FB6","ORA-102013","ORA-102013","SCR","Screening",,"2024-07-26","PE",,,,,,"ORACLE.LISA.L.JACKSON@ORACLE.COM","2024-07-26","ORACLE.LISA.L.JACKSON@ORACLE.COM","2024-07-26","0","No","No","0","NA","NA","NA",,,,,,,,,
"FHIC","IAVI C113","Kenya","ORA-201",,"Kenya Investigator 02","BDA26B4F4B1349388E8EFBA7BF7EBD46","ORA-201005","ORA-201005","SCR","Screening",,"2024-07-25","PE",,,,,,"ORACLE.LISA.L.JACKSON@ORACLE.COM","2024-07-25","ORACLE.LISA.L.JACKSON@ORACLE.COM","2024-07-25","0","No","No","0","NA","NA","NA",,,,,,,,,
"FHIC","IAVI C113","Kenya","ORA-201",,"Kenya Investigator 02","BE50C0C90D9F4B1CBBA7CF13A6A226CD","ORA-201009","ORA-201009","SCR","Screening",,"2024-07-25","PE",,,,,,"ORACLE.LISA.L.JACKSON@ORACLE.COM","2024-07-25","ORACLE.LISA.L.JACKSON@ORACLE.COM","2024-07-25","0","No","No","0","NA","NA","NA",,,,,,,,,
"FHIC","IAVI C113","South Africa","101",,"SUESS","BEF98AEAE2824DF89B4D821EE4538202","101018","101018","SCR","Screening",,"2024-07-24","PE",,,,,,"FHIC.MFANTON","2024-07-24","FHIC.MFANTON","2024-07-24","0","No","No","0","tst","tst","tst",,,,,,,,,
"FHIC","IAVI C113","South Africa","ORA-103",,"South Africa Investigator 04","C02E830137574E0DBD0A255140E94F42","ORA-103006","ORA-103006","SCR","Screening",,"2024-07-25","PE",,,,,,"ORACLE.LISA.L.JACKSON@ORACLE.COM","2024-07-25","ORACLE.LISA.L.JACKSON@ORACLE.COM","2024-07-25","0","No","No","0","NA","NA","NA",,,,,,,,,
"FHIC","IAVI C113","South Africa","101",,"SUESS","C27F91D9621F454F848304914EAFA176","101045","101045","SCR","Screening",,"2024-07-08","PE",,,,,,"FHIC.DRIDER","2024-08-05","FHIC.DRIDER","2024-08-05","1","Yes","Yes","1",,,,,"05-Aug-2024","05-Aug-2024","05-Aug-2024","2024-08-05","1","Normal","Normal","1"
"FHIC","IAVI C113","United States","ORA-104",,"Oracle Test User 1","C3F88883DAE142CDAAE3E58424E719F6","ORA-104013","ORA-104013","SCR","Screening",,"2024-07-25","PE",,,,,,"ORACLE.LISA.L.JACKSON@ORACLE.COM","2024-07-26","ORACLE.LISA.L.JACKSON@ORACLE.COM","2024-07-26","0","No","No","0","NA","NA","NA",,,,,,,,,
"FHIC","IAVI C113","United States","902",,"Oracle Test User 1","C59C23BE70B94C0086F43FB579B87657","902002","902002","SCR","Screening",,"2024-07-01","PE",,,,,,"FHIC.PCARDELLA1","2024-07-23","FHIC.PCARDELLA1","2024-07-23","0","No","No","0","bc","bc","bc",,,,,,,,,
"FHIC","IAVI C113","South Africa","ORA-102",,"South Africa Investigator 04","C761AEEA9CA84704B616BD2678EC067E","ORA-102006","ORA-102006","SCR","Screening",,"2024-07-26","PE",,,,,,"ORACLE.LISA.L.JACKSON@ORACLE.COM","2024-07-26","ORACLE.LISA.L.JACKSON@ORACLE.COM","2024-07-26","0","No","No","0","NA","NA","NA",,,,,,,,,
"FHIC","IAVI C113","Kenya","ORA-202",,"Kenya Investigator 02","C85A40B3DAD8421CBE074B94A92363EC","ORA-202007","ORA-202007","SCR","Screening",,"2024-07-25","PE",,,,,,"ORACLE.LISA.L.JACKSON@ORACLE.COM","2024-07-25","ORACLE.LISA.L.JACKSON@ORACLE.COM","2024-07-25","0","No","No","0","NA","NA","NA",,,,,,,,,
"FHIC","IAVI C113","South Africa","ORA-102",,"South Africa Investigator 04","C9AEF20613F546E99AA9464E5CB2FB18","ORA-102007","ORA-102007","SCR","Screening",,"2024-07-26","PE",,,,,,"ORACLE.LISA.L.JACKSON@ORACLE.COM","2024-07-26","ORACLE.LISA.L.JACKSON@ORACLE.COM","2024-07-26","0","No","No","0","NA","NA","NA",,,,,,,,,
"FHIC","IAVI C113","United States","ORA-101",,"Oracle Test User 1","CADCBB1E06EE4A608C97E276ABEE6777","ORA-101002","ORA-101002","SCR","Screening",,"2024-06-01","PE",,,,,,"ORACLE.LISA.L.JACKSON@ORACLE.COM","2024-08-08","ORACLE.LISA.L.JACKSON@ORACLE.COM","2024-08-08","0","No","No","0","N/A","N/A","N/A",,,,,,,,,
"FHIC","IAVI C113","South Africa","ORA-102",,"South Africa Investigator 04","CC79B4915E1644DC864BCD0B142E013D","ORA-102010","ORA-102010","SCR","Screening",,"2024-07-26","PE",,,,,,"ORACLE.LISA.L.JACKSON@ORACLE.COM","2024-07-26","ORACLE.LISA.L.JACKSON@ORACLE.COM","2024-07-26","0","No","No","0","NA","NA","NA",,,,,,,,,
"FHIC","IAVI C113","Kenya","ORA-202",,"Kenya Investigator 02","CC937B842F6843E18ED37715DA5FCC7E","ORA-202009","ORA-202009","SCR","Screening",,"2024-07-25","PE",,,,,,"ORACLE.LISA.L.JACKSON@ORACLE.COM","2024-07-25","ORACLE.LISA.L.JACKSON@ORACLE.COM","2024-07-25","0","No","No","0","NA","NA","NA",,,,,,,,,
"FHIC","IAVI C113","Kenya","ORA-201",,"Kenya Investigator 02","CCAF7C9C271A4524839F647FD8638EF8","ORA-201014","ORA-201014","SCR","Screening",,"2024-07-25","PE",,,,,,"ORACLE.LISA.L.JACKSON@ORACLE.COM","2024-07-25","ORACLE.LISA.L.JACKSON@ORACLE.COM","2024-07-25","0","No","No","0","NA","NA","NA",,,,,,,,,
"FHIC","IAVI C113","Kenya","ORA-201",,"Kenya Investigator 02","CDED3951E9BE4980BBC643FDD861F0E3","ORA-201013","ORA-201013","SCR","Screening",,"2024-07-25","PE",,,,,,"ORACLE.LISA.L.JACKSON@ORACLE.COM","2024-07-25","ORACLE.LISA.L.JACKSON@ORACLE.COM","2024-07-25","0","No","No","0","NA","NA","NA",,,,,,,,,
"FHIC","IAVI C113","United States","ORA-104",,"Oracle Test User 1","D01505A4F50B45A9A2E3664A5385939E","ORA-104016","ORA-104016","SCR","Screening",,"2024-07-25","PE",,,,,,"ORACLE.LISA.L.JACKSON@ORACLE.COM","2024-07-26","ORACLE.LISA.L.JACKSON@ORACLE.COM","2024-07-26","0","No","No","0","NA","NA","NA",,,,,,,,,
"FHIC","IAVI C113","United States","ORA-104",,"Oracle Test User 1","D3095AC293D44A7EA301CE557DCBF8AD","ORA-104010","ORA-104010","SCR","Screening",,"2024-07-25","PE",,,,,,"ORACLE.LISA.L.JACKSON@ORACLE.COM","2024-07-25","ORACLE.LISA.L.JACKSON@ORACLE.COM","2024-07-25","0","No","No","0","NA","NA","NA",,,,,,,,,
"FHIC","IAVI C113","South Africa","101",,"SUESS","D6919EEA4ED447629D1860E843DF99F8","101031","101031","SCR","Screening",,"2024-07-30","PE",,,,,,"FHIC.JANELI","2024-07-30","FHIC.JANELI","2024-07-30","0","No","No","0","testing rand","testing rand","testing rand",,,,,,,,,
"FHIC","IAVI C113","South Africa","101",,"SUESS","D795C3CD02834FFABBE09F9377505E3F","101044","101044","SCR","Screening",,"2024-08-03","PE",,,,,,"FHIC.PCARDELLA1","2024-08-04","FHIC.PCARDELLA1","2024-08-04","1","Yes","Yes","1",,,,,"03-Aug-2024","03-Aug-2024","03-Aug-2024","2024-08-03","1","Normal","Normal","1"
"FHIC","IAVI C113","South Africa","ORA-102",,"South Africa Investigator 04","DA1B79DE8C76481290295CBD3BE666D9","ORA-102004","ORA-102004","SCR","Screening",,"2024-07-26","PE",,,,,,"ORACLE.LISA.L.JACKSON@ORACLE.COM","2024-07-26","ORACLE.LISA.L.JACKSON@ORACLE.COM","2024-07-26","0","No","No","0","NA","NA","NA",,,,,,,,,
"FHIC","IAVI C113","Kenya","ORA-201",,"Kenya Investigator 02","DB23454A6335467BB5F6F445A080CDB6","ORA-201004","ORA-201004","SCR","Screening",,"2024-07-25","PE",,,,,,"ORACLE.LISA.L.JACKSON@ORACLE.COM","2024-07-25","ORACLE.LISA.L.JACKSON@ORACLE.COM","2024-07-25","0","No","No","0","NA","NA","NA",,,,,,,,,
"FHIC","IAVI C113","South Africa","101",,"SUESS","DC5B22E5B0D8445BA1B19D6631252375","101032","101032","SCR","Screening",,"2024-07-31","PE",,,,,,"FHIC.MSMITH","2024-07-31","FHIC.MSMITH","2024-07-31","0","No","No","0","test","test","test",,,,,,,,,
"FHIC","IAVI C113","United States","902",,"Oracle Test User 1","E33C0629A29D4CC48195CAEAEE1324D7","902005","902005","SCR","Screening",,"2024-07-01","PE",,,,,,"FHIC.PCARDELLA1","2024-07-23","FHIC.PCARDELLA1","2024-07-23","0","No","No","0","asdf","asdf","asdf",,,,,,,,,
"FHIC","IAVI C113","South Africa","101",,"SUESS","E51307D7870041F6A7B65997ACCE9074","101007","101007","SCR","Screening",,"2024-01-01","PE",,,,,,"FHIC.JJAMPIES","2024-07-01","FHIC.JJAMPIES","2024-07-01","1","Yes","Yes","1",,,,,"05-Jan-2024","05-Jan-2024","05-Jan-2024","2024-01-05","3","Abnormal, CS","Abnormal, CS","3"
"FHIC","IAVI C113","South Africa","ORA-103",,"South Africa Investigator 04","E83D6304242344FB8FCDD84123214346","ORA-103020","ORA-103020","SCR","Screening",,"2024-07-26","PE",,,,,,"ORACLE.LISA.L.JACKSON@ORACLE.COM","2024-07-26","ORACLE.LISA.L.JACKSON@ORACLE.COM","2024-07-26","0","No","No","0","NA","NA","NA",,,,,,,,,
"FHIC","IAVI C113","Kenya","ORA-202",,"Kenya Investigator 02","EBB37A9B93204BB9AC9926E7CF3BEEB8","ORA-202001","ORA-202001","SCR","Screening",,"2024-07-25","PE",,,,,,"ORACLE.LISA.L.JACKSON@ORACLE.COM","2024-07-25","ORACLE.LISA.L.JACKSON@ORACLE.COM","2024-07-25","0","No","No","0","NA","NA","NA",,,,,,,,,
"FHIC","IAVI C113","Kenya","ORA-202",,"Kenya Investigator 02","EC3CEA6F0CE0410D81438BBBBE6F62C2","ORA-202004","ORA-202004","SCR","Screening",,"2024-07-25","PE",,,,,,"ORACLE.LISA.L.JACKSON@ORACLE.COM","2024-07-25","ORACLE.LISA.L.JACKSON@ORACLE.COM","2024-07-25","0","No","No","0","NA","NA","NA",,,,,,,,,
"FHIC","IAVI C113","United States","ORA-104",,"Oracle Test User 1","ECC01C2EB2284A9B94B54200ED7BC8DE","ORA-104001","ORA-104001","SCR","Screening",,"2024-07-25","PE",,,,,,"ORACLE.LISA.L.JACKSON@ORACLE.COM","2024-07-25","ORACLE.LISA.L.JACKSON@ORACLE.COM","2024-07-25","0","No","No","0","NA","NA","NA",,,,,,,,,
"FHIC","IAVI C113","South Africa","ORA-102",,"South Africa Investigator 04","ED664D99DFDA47358975279FDD6E16DB","ORA-102005","ORA-102005","SCR","Screening",,"2024-07-26","PE",,,,,,"ORACLE.LISA.L.JACKSON@ORACLE.COM","2024-07-26","ORACLE.LISA.L.JACKSON@ORACLE.COM","2024-07-26","0","No","No","0","NA","NA","NA",,,,,,,,,
"FHIC","IAVI C113","South Africa","101",,"SUESS","F1D663B24709420D8BF8D108F88652F4","101042","101042","SCR","Screening",,"2024-03-01","PE",,,,,,"FHIC.MFANTON","2024-08-02","FHIC.MFANTON","2024-08-02","1","Yes","Yes","1",,,,,"01-Mar-2024","01-Mar-2024","01-Mar-2024","2024-03-01","1","Normal","Normal","1"
"FHIC","IAVI C113","South Africa","ORA-102",,"South Africa Investigator 04","F37B891D067947D4984FAC0B78730901","ORA-102003","ORA-102003","SCR","Screening",,"2024-07-26","PE",,,,,,"ORACLE.LISA.L.JACKSON@ORACLE.COM","2024-07-26","ORACLE.LISA.L.JACKSON@ORACLE.COM","2024-07-26","0","No","No","0","NA","NA","NA",,,,,,,,,
"FHIC","IAVI C113","South Africa","ORA-103",,"South Africa Investigator 04","F3A39DD4DE3545F0B43D316A26E358D1","ORA-103007","ORA-103007","SCR","Screening",,"2024-07-25","PE",,,,,,"ORACLE.LISA.L.JACKSON@ORACLE.COM","2024-07-25","ORACLE.LISA.L.JACKSON@ORACLE.COM","2024-07-25","0","No","No","0","NA","NA","NA",,,,,,,,,
"FHIC","IAVI C113","South Africa","101",,"SUESS","F43AE89FCE6B4A209DD5182824378B46","101006","101006","SCR","Screening",,"2024-06-17","PE",,,,,,"FHIC.PCARDELLA1","2024-06-17","FHIC.PCARDELLA1","2024-06-17","0","No","No","0","bc","bc","bc",,,,,,,,,
"FHIC","IAVI C113","South Africa","101",,"SUESS","F82498652A3B474AAE1B70BD7E1A67A0","101019","101019","SCR","Screening",,"2024-07-24","PE",,,,,,"FHIC.MFANTON","2024-07-24","FHIC.MFANTON","2024-07-24","1","Yes","Yes","1",,,,,"24-Jul-2024","24-Jul-2024","24-Jul-2024","2024-07-24","1","Normal","Normal","1"
"FHIC","IAVI C113","Kenya","ORA-202",,"Kenya Investigator 02","F8A12804AA5846C69D787224F0439296","ORA-202013","ORA-202013","SCR","Screening",,"2024-07-25","PE",,,,,,"ORACLE.LISA.L.JACKSON@ORACLE.COM","2024-07-25","ORACLE.LISA.L.JACKSON@ORACLE.COM","2024-07-25","0","No","No","0","NA","NA","NA",,,,,,,,,
"FHIC","IAVI C113","South Africa","ORA-103",,"South Africa Investigator 04","F8CCD2D9126049749FCBE0113445F014","ORA-103013","ORA-103013","SCR","Screening",,"2024-07-25","PE",,,,,,"ORACLE.LISA.L.JACKSON@ORACLE.COM","2024-07-25","ORACLE.LISA.L.JACKSON@ORACLE.COM","2024-07-25","0","No","No","0","NA","NA","NA",,,,,,,,,
"FHIC","IAVI C113","Kenya","ORA-202",,"Kenya Investigator 02","F9E78458D53B4CE59210D1CEDB9FE321","ORA-202012","ORA-202012","SCR","Screening",,"2024-07-25","PE",,,,,,"ORACLE.LISA.L.JACKSON@ORACLE.COM","2024-07-25","ORACLE.LISA.L.JACKSON@ORACLE.COM","2024-07-25","0","No","No","0","NA","NA","NA",,,,,,,,,
"FHIC","IAVI C113","South Africa","101",,"SUESS","FBD5CD5561344495A5EAF1D35669D94E","101015","101015","SCR","Screening",,"2024-07-01","PE",,,,,,"FHIC.PCARDELLA1","2024-07-22","FHIC.PCARDELLA1","2024-07-22","1","Yes","Yes","1",,,,,"01-Jul-2024","01-Jul-2024","01-Jul-2024","2024-07-01","1","Normal","Normal","1"
"FHIC","IAVI C113","United States","ORA-104",,"Oracle Test User 1","FF2BA15D1EB049C59A436FB817C968F7","ORA-104004","ORA-104004","SCR","Screening",,"2024-07-25","PE",,,,,,"ORACLE.LISA.L.JACKSON@ORACLE.COM","2024-07-25","ORACLE.LISA.L.JACKSON@ORACLE.COM","2024-07-25","0","No","No","0","NA","NA","NA",,,,,,,,,
"FHIC","IAVI C113","South Africa","101",,"SUESS","FF36634443C54AAABF13A43F4F0168BB","101046","101046","SCR","Screening",,"2024-08-01","PE",,,,,,"FHIC.DRIDER","2024-08-06","FHIC.DRIDER","2024-08-06","1","Yes","Yes","1",,,,,"01-Aug-2024","01-Aug-2024","01-Aug-2024","2024-08-01","1","Normal","Normal","1"