﻿TENANTID,STUDYID,COUNTRY,SITEID,INVID,INVNAM,USUBJID,SCRNID,SUBJID,VISITNUM,VISIT,UNSCHED,SVSTDTC,DOMAIN,LAB ID,LAB NAME,REPEATNUMBER,SREPEATID,SREPEATNUMBER,ENTERED BY,ENTERED DATE,LAST CHANGED BY,LAST CHANGED DATE,PODAT,PODAT_R,PODAT_F,PODAT_D,POOUT,POOUT_R,POOUT_F,POOUT_D,POOUTSP,POOUTSP_R,POOUTSP_F,POOUTSP_D,POOUTLOK,POOUTLOK_R,POOUTLOK_F,POOUTLOK_D,POOUTDAT,POOUTDAT_R,POOUTDAT_F,POOUTDAT_D,POCOMP,POCOMP_R,POCOMP_F,POCOMP_D
"FHIC","IAVI C113","South Africa","101",,"SUESS","1E4A5474CAAB48E3A4743370DB802E10","101024","101024","PREG","Pregnancy","1","2024-07-01","PREGOUT",,,,,,"FHIC.PCARDELLA1","2024-07-30","FHIC.PCARDELLA1","2024-07-30","27-Jun-2024","27-Jun-2024","27-Jun-2024","2024-06-27",,,,,,,,,"0","No","No","0","27-Jun-2024","27-Jun-2024","27-Jun-2024","2024-06-27",,,,
"FHIC","IAVI C113","South Africa","101",,"SUESS","5232101D19C4417397F67272CD9F42E7","101047","101047","PREG","Pregnancy","1","2024-08-07","PREGOUT",,,,,,"FHIC.HBRIGDON","2024-08-07","FHIC.HBRIGDON","2024-08-07","07-May-2025","07-May-2025","07-May-2025","2025-05-07","3","Spontaneous abortion (first trimester)","Spontaneous abortion (first trimester)","3",,,,,,,,,,,,,,,,
"FHIC","IAVI C113","South Africa","101",,"SUESS","BC11DF03F4534F2398A3B3E339B99B7C","101002","101002","PREG","Pregnancy","1",,"PREGOUT",,,,,,"FHIC.ERUDE","2024-06-18","FHIC.ERUDE","2024-06-18","18-Jun-2024","18-Jun-2024","18-Jun-2024","2024-06-18",,,,,,,,,,,,,,,,,,,,
"FHIC","IAVI C113","South Africa","101",,"SUESS","C27F91D9621F454F848304914EAFA176","101045","101045","PREG","Pregnancy","1","2024-08-01","PREGOUT",,,,,,"FHIC.DRIDER","2024-08-08","FHIC.DRIDER","2024-08-08","24-Oct-2024","24-Oct-2024","24-Oct-2024","2024-10-24","8","Outcome did not occur prior to overall database lock date","Outcome did not occur prior to overall database lock date","8",,,,,"1","Yes","Yes","1",,,,,"0","No","No","0"
"FHIC","IAVI C113","South Africa","101",,"SUESS","F43AE89FCE6B4A209DD5182824378B46","101006","101006","PREG","Pregnancy","1","2024-06-17","PREGOUT",,,,,,"FHIC.PCARDELLA1","2024-06-17","FHIC.PCARDELLA1","2024-06-17","19-Jun-2024","19-Jun-2024","19-Jun-2024","2024-06-19","2","Premature live birth (< 37 weeks)","Premature live birth (< 37 weeks)","2",,,,,"1","Yes","Yes","1",,,,,"1","Yes (record on Adverse Events, as specified in protocol)","Yes (record on Adverse Events, as specified in protocol)","1"