﻿TENANTID,STUDYID,COUNTRY,SITEID,INVID,INVNAM,USUBJID,SCRNID,SUBJID,VISITNUM,VISIT,UNSCHED,SVSTDTC,DOMAIN,LAB ID,LAB NAME,REPEATNUMBER,SREPEATID,SREPEATNUMBER,ENTERED BY,ENTERED DATE,LAST CHANGED BY,LAST CHANGED DATE,RETMPNT,RETMPNT_R,RETMPNT_F,RETMPNT_D,RETM,RETM_R,RETM_F,RETM_D,REREACT,REREACT_R,REREACT_F,REREACT_D,REMED,REMED_R,REMED_F,REMED_D,RETND,RETND_R,RETND_F,RETND_D,RETNDONG,RETNDONG_R,RETNDONG_F,RETNDONG_D,RERED,RERED_R,RERED_F,RERED_D,REREDSZ,REREDSZ_R,REREDSZ_F,REREDSZ_D,REREDONG,REREDONG_R,REREDONG_F,REREDONG_D,REIND,REIND_R,REIND_F,REIND_D,REINDSZ,REINDSZ_R,REINDSZ_F,REINDSZ_D,REINDONG,REINDONG_R,REINDONG_F,REINDONG_D,REULC,REULC_R,REULC_F,REULC_D,REULCSZ,REULCSZ_R,REULCSZ_F,REULCSZ_D,REULCONG,REULCONG_R,REULCONG_F,REULCONG_D,REDRN,REDRN_R,REDRN_F,REDRN_D,REDRNONG,REDRNONG_R,REDRNONG_F,REDRNONG_D,RERLA,RERLA_R,RERLA_F,RERLA_D,RERLAONG,RERLAONG_R,RERLAONG_F,RERLAONG_D,REFEV,REFEV_R,REFEV_F,REFEV_D,REFEVONG,REFEVONG_R,REFEVONG_F,REFEVONG_D,REMLG,REMLG_R,REMLG_F,REMLG_D,REMLGONG,REMLGONG_R,REMLGONG_F,REMLGONG_D,REALG,REALG_R,REALG_F,REALG_D,REALGONG,REALGONG_R,REALGONG_F,REALGONG_D,REFTG,REFTG_R,REFTG_F,REFTG_D,REFTGONG,REFTGONG_R,REFTGONG_F,REFTGONG_D,REHDC,REHDC_R,REHDC_F,REHDC_D,REHEDONG,REHEDONG_R,REHEDONG_F,REHEDONG_D,RENRX,RENRX_R,RENRX_F,RENRX_D,RENRXONG,RENRXONG_R,RENRXONG_F,RENRXONG_D,REHVS,REHVS_R,REHVS_F,REHVS_D,REHVSONG,REHVSONG_R,REHVSONG_F,REHVSONG_D,RECHL,RECHL_R,RECHL_F,RECHL_D,RECHLONG,RECHLONG_R,RECHLONG_F,RECHLONG_D
"FHIC","IAVI C113","South Africa","101",,"SUESS","1E4A5474CAAB48E3A4743370DB802E10","101024","101024","LOG","Log","1","2024-07-01","REACT",,,"1",,,"FHIC.PCARDELLA1","2024-07-30","FHIC.PCARDELLA1","2024-07-30","1","Day 1","Day 1","1",,,,,,,,,,,,,,,,,,,,,"3","Grade 3","Grade 3","3","21","21","21",,,,,,"4","Grade 4","Grade 4","4","21","21","21",,,,,,"4","Grade 4","Grade 4","4",,,,,,,,,"2","Grade 2","Grade 2","2",,,,,"3","Grade 3","Grade 3","3",,,,,"2","Grade 2","Grade 2","2",,,,,"3","Grade 3","Grade 3","3",,,,,"3","Grade 3","Grade 3","3",,,,,"3","Grade 3","Grade 3","3",,,,,"3","Grade 3","Grade 3","3",,,,,"2","Grade 2","Grade 2","2",,,,,"2","Grade 2","Grade 2","2",,,,,"1","Grade 1","Grade 1","1",,,,
"FHIC","IAVI C113","South Africa","101",,"SUESS","5232101D19C4417397F67272CD9F42E7","101047","101047","LOG","Log","1","2024-08-07","REACT",,,"1",,,"FHIC.HBRIGDON","2024-08-08","FHIC.HBRIGDON","2024-08-12","1","Day 1","Day 1","1","15:00","15:00",,"15:00","1","Yes","Yes","1","1","Yes","Yes","1","1","Grade 1","Grade 1","1",,,,,"1","Grade 1","Grade 1","1","19","19","19",,,,,,"1","Grade 1","Grade 1","1","19","19","19",,,,,,"1","Grade 1","Grade 1","1","10","10","10",,,,,,"1","Grade 1","Grade 1","1",,,,,"1","Grade 1","Grade 1","1",,,,,"9","Not reported","Not reported","9",,,,,"9","Not reported","Not reported","9",,,,,"9","Not reported","Not reported","9",,,,,"9","Not reported","Not reported","9",,,,,"9","Not reported","Not reported","9",,,,,"9","Not reported","Not reported","9",,,,,"9","Not reported","Not reported","9",,,,,"9","Not reported","Not reported","9",,,,
"FHIC","IAVI C113","South Africa","101",,"SUESS","5232101D19C4417397F67272CD9F42E7","101047","101047","LOG","Log","1","2024-08-07","REACT",,,"2",,,"FHIC.HBRIGDON","2024-08-08","FHIC.HBRIGDON","2024-08-09","8","Day 8","Day 8","8","00:00","00:00",,"00:00","1","Yes","Yes","1","1","Yes","Yes","1","3","Grade 3","Grade 3","3","1","Yes","Yes","1","4","Grade 4","Grade 4","4","20","20","20",,"1","Yes","Yes","1","3","Grade 3","Grade 3","3","20","20","20",,"0","No","No","0","3","Grade 3","Grade 3","3",,,,,"0","No","No","0","9","Not reported","Not reported","9","0","No","No","0","9","Not reported","Not reported","9","0","No","No","0","9","Not reported","Not reported","9","0","No","No","0","9","Not reported","Not reported","9","0","No","No","0","9","Not reported","Not reported","9","0","No","No","0","9","Not reported","Not reported","9","0","No","No","0","9","Not reported","Not reported","9","0","No","No","0","9","Not reported","Not reported","9","0","No","No","0","9","Not reported","Not reported","9","0","No","No","0","9","Not reported","Not reported","9","0","No","No","0"
"FHIC","IAVI C113","South Africa","101",,"SUESS","D6919EEA4ED447629D1860E843DF99F8","101031","101031","LOG","Log","1",,"REACT",,,"1",,,"FHIC.DRIDER","2024-08-08","FHIC.DRIDER","2024-08-08","8","Day 8","Day 8","8","12:22","12:22",,"12:22","1","Yes","Yes","1","1","Yes","Yes","1","3","Grade 3","Grade 3","3","1","Yes","Yes","1","3","Grade 3","Grade 3","3","21","21","21",,"1","Yes","Yes","1","3","Grade 3","Grade 3","3","21","21","21",,"1","Yes","Yes","1","3","Grade 3","Grade 3","3","14","14","14",,"1","Yes","Yes","1","3","Grade 3","Grade 3","3","1","Yes","Yes","1","3","Grade 3","Grade 3","3","1","Yes","Yes","1","3","Grade 3","Grade 3","3","1","Yes","Yes","1","3","Grade 3","Grade 3","3","1","Yes","Yes","1","3","Grade 3","Grade 3","3","1","Yes","Yes","1","3","Grade 3","Grade 3","3","1","Yes","Yes","1","3","Grade 3","Grade 3","3","1","Yes","Yes","1","3","Grade 3","Grade 3","3","1","Yes","Yes","1","3","Grade 3","Grade 3","3","1","Yes","Yes","1","3","Grade 3","Grade 3","3","0","No","No","0"
"FHIC","IAVI C113","South Africa","101",,"SUESS","F43AE89FCE6B4A209DD5182824378B46","101006","101006","LOG","Log","1","2024-06-17","REACT",,,"1",,,"FHIC.PCARDELLA1","2024-06-17","FHIC.PCARDELLA1","2024-06-17","1 | 3 | 5","Day 1 | Day 3 | Day 5","Day 1 | Day 3 | Day 5","1 | 3 | 5",,,,,,,,,,,,,,,,,,,,,,,,,,,,,,,,,,,,,,,,,,,,,,,,,,,,,,,,,,,,,,,,,,,,,,,,,,,,,,,,,,,,,,,,,,,,,,,,,,,,,,,,,,,,,,,,,,,,,,,,,,,,,,,,,,,,,,,,
"FHIC","IAVI C113","South Africa","101",,"SUESS","FF36634443C54AAABF13A43F4F0168BB","101046","101046","LOG","Log","1","2024-08-06","REACT",,,"1",,,"FHIC.DRIDER","2024-08-07","FHIC.DRIDER","2024-08-08","1","Day 1","Day 1","1","12:12","12:12",,"12:12","1","Yes","Yes","1","0","No","No","0","4","Grade 4","Grade 4","4",,,,,"9","Not reported","Not reported","9",,,,,,,,,"9","Not reported","Not reported","9",,,,,,,,,"9","Not reported","Not reported","9",,,,,,,,,"9","Not reported","Not reported","9",,,,,"9","Not reported","Not reported","9",,,,,"9","Not reported","Not reported","9",,,,,"9","Not reported","Not reported","9",,,,,"9","Not reported","Not reported","9",,,,,"9","Not reported","Not reported","9",,,,,"9","Not reported","Not reported","9",,,,,"9","Not reported","Not reported","9",,,,,"9","Not reported","Not reported","9",,,,,"9","Not reported","Not reported","9",,,,
"FHIC","IAVI C113","South Africa","101",,"SUESS","FF36634443C54AAABF13A43F4F0168BB","101046","101046","LOG","Log","1","2024-08-06","REACT",,,"2",,,"FHIC.DRIDER","2024-08-07","FHIC.DRIDER","2024-08-07","8","Day 8","Day 8","8","12:34","12:34",,"12:34","1","Yes","Yes","1","0","No","No","0","2","Grade 2","Grade 2","2","1","Yes","Yes","1","9","Not reported","Not reported","9",,,,,"0","No","No","0","9","Not reported","Not reported","9",,,,,"0","No","No","0","9","Not reported","Not reported","9",,,,,"0","No","No","0","9","Not reported","Not reported","9","0","No","No","0","9","Not reported","Not reported","9","0","No","No","0","9","Not reported","Not reported","9","0","No","No","0","9","Not reported","Not reported","9","0","No","No","0","9","Not reported","Not reported","9","0","No","No","0","9","Not reported","Not reported","9","0","No","No","0","9","Not reported","Not reported","9","0","No","No","0","9","Not reported","Not reported","9","0","No","No","0","9","Not reported","Not reported","9","0","No","No","0","9","Not reported","Not reported","9","0","No","No","0"
"FHIC","IAVI C113","South Africa","101",,"SUESS","FF36634443C54AAABF13A43F4F0168BB","101046","101046","LOG","Log","1","2024-08-06","REACT",,,"3",,,"FHIC.DRIDER","2024-08-08","FHIC.DRIDER","2024-08-08","5","Day 5","Day 5","5","12:22","12:22",,"12:22","1","Yes","Yes","1","1","Yes","Yes","1","3","Grade 3","Grade 3","3",,,,,"4","Grade 4","Grade 4","4","45","45","45",,,,,,"3","Grade 3","Grade 3","3","44","44","44",,,,,,"4","Grade 4","Grade 4","4","65","65","65",,,,,,"4","Grade 4","Grade 4","4",,,,,"3","Grade 3","Grade 3","3",,,,,"4","Grade 4","Grade 4","4",,,,,"4","Grade 4","Grade 4","4",,,,,"3","Grade 3","Grade 3","3",,,,,"4","Grade 4","Grade 4","4",,,,,"4","Grade 4","Grade 4","4",,,,,"4","Grade 4","Grade 4","4",,,,,"3","Grade 3","Grade 3","3",,,,,"4","Grade 4","Grade 4","4",,,,